shot_id,shot_made_flag
22907,0.495
22909,0.445
22926,0.405
22927,0.485
22930,0.545
22934,0.485
22937,0.625
22939,0.645
22949,0.565
22951,0.59
22955,0.395
22965,0.805
22966,0.425
22968,0.815
22972,0.435
22975,0.5
22981,0.415
22988,0.455
22994,0.41
22996,0.73
23011,0.48
23028,0.775
23031,0.44
23035,0.345
23038,0.345
23042,0.345
23049,0.845
23051,0.995
23053,0.32
23057,0.815
23058,0.33
23063,0.475
23064,0.45
23067,0.425
23071,0.315
23075,0.475
23077,0.79
23090,0.335
23094,0.71
23097,0.415
23103,0.385
23107,0.47
23117,0.42
23122,0.355
23124,0.255
23126,0.6
23129,0.675
23136,0.45
23141,0.305
23142,0.415
23147,0.42
23154,0.165
23159,0.335
23165,0.16
23171,0.71
23173,0.06
23175,0.4
23179,1.0
23182,0.8
23185,0.535
23188,0.365
23189,0.41
23209,0.395
23214,0.53
23215,0.44
23233,0.455
23241,0.63
23252,0.395
23255,0.325
23263,0.385
23281,0.515
23282,0.375
23289,0.325
23292,0.39
23296,0.35
23297,0.375
23301,0.37
23302,0.165
23304,0.23
23309,0.29
23312,0.62
23316,0.315
23321,0.4
30034,0.24
30041,0.335
30044,0.39
30058,0.225
30061,0.33
30064,0.24
30065,0.525
30069,0.345
30074,0.275
30076,0.455
30080,0.37
23342,0.42
23344,0.385
23350,0.375
23367,0.55
23368,0.495
23374,0.225
23387,0.44
23389,0.855
23399,0.665
23403,0.655
23406,0.945
23414,0.395
23415,0.245
23419,0.86
23436,0.315
23439,0.86
23444,0.475
23445,0.335
23455,0.255
23469,0.425
23472,0.195
23477,0.265
23478,0.685
23479,0.33
23487,0.295
23490,0.3
23491,0.61
23492,0.31
23494,0.44
23496,0.345
23497,0.3
23506,0.32
23515,0.405
23528,0.48
23532,0.53
23549,0.515
23551,0.34
23552,0.29
23555,0.4
23556,0.3
23564,0.79
23583,0.345
23592,0.555
23597,1.0
23601,0.31
23605,0.635
23615,0.295
23619,0.51
23621,0.97
23626,0.835
23635,0.56
23637,0.36
23640,0.32
23646,0.405
23655,0.5
23672,0.65
23673,0.32
23682,0.415
23683,0.52
23699,0.47
23704,0.875
23707,1.0
23713,0.325
23714,0.24
23716,0.34
23718,0.615
23721,0.18
23735,0.31
23737,0.48
23744,0.3
23749,0.825
23755,0.51
23769,0.655
23772,0.31
23773,0.115
23774,0.72
23779,0.235
23782,0.52
23793,0.33
23803,1.0
23828,0.43
23833,0.585
23834,0.76
23844,0.435
23845,0.785
23852,0.585
23855,0.495
23867,0.32
23872,0.54
23874,0.615
23880,0.445
23886,0.225
23898,0.285
23900,0.335
23903,0.2
23907,0.215
23908,0.65
23912,0.395
23916,0.4
23917,0.33
23918,0.465
23922,0.45
23928,0.285
23940,0.64
23944,0.54
23945,0.545
23951,0.345
23966,0.29
23970,0.15
23971,0.43
23976,0.35
23980,0.245
23987,0.98
23988,0.535
23993,0.535
23997,0.325
23998,0.335
23999,0.865
24010,0.7
24015,0.605
24023,0.365
24033,0.325
24046,0.515
24060,0.44
24062,0.33
24065,0.575
24070,0.27
24071,0.235
24073,0.275
24079,0.5
24082,0.965
24084,0.425
24089,0.5
24094,0.41
24100,0.48
24105,0.255
24106,0.145
24108,0.53
24111,0.985
24120,0.565
24125,0.64
24134,0.51
24140,0.375
24151,0.315
24153,0.37
24154,0.485
24161,0.35
24166,0.43
24170,0.405
24176,0.355
24182,0.32
24188,0.49
24190,0.36
24201,0.955
24211,0.925
24215,0.785
24216,0.91
24219,0.29
24222,0.795
30086,0.81
30087,0.265
30092,0.33
30093,0.585
30096,0.5
30097,0.41
30098,0.3
30102,0.385
30106,0.515
30110,0.565
30111,0.96
30122,0.46
30128,0.355
30130,0.695
30131,0.345
30132,0.305
30135,0.52
30137,0.465
30157,0.64
30158,0.69
24240,0.99
24243,0.285
24245,0.315
24251,0.24
24256,0.985
24258,0.355
24261,0.62
24263,0.375
24264,0.395
24266,0.355
24273,0.33
24278,0.335
24289,0.965
24292,0.325
24293,0.295
24298,1.0
24299,0.29
24303,0.565
24304,0.26
24305,0.37
24329,0.255
24341,0.39
24345,0.86
24353,0.355
24358,0.955
24364,0.67
24367,0.4
24370,0.585
24377,0.335
24380,0.335
24381,0.505
24387,0.45
24391,0.44
24409,0.985
24413,0.27
24416,0.415
24427,0.47
24439,0.27
24443,0.37
24448,0.385
24454,0.855
24455,0.355
24461,0.25
24464,0.48
24468,0.245
24469,0.265
24501,0.275
24508,0.475
24519,0.3
24520,1.0
24538,0.49
24540,0.68
24550,0.32
24552,0.215
24561,0.19
24577,0.27
24579,0.645
24580,0.375
24582,0.45
24591,0.735
24592,0.315
24599,0.885
24602,0.455
24606,0.345
24617,0.21
24619,0.905
24630,0.15
24633,0.955
24634,0.675
24638,0.34
24641,0.475
24644,0.415
24645,0.93
24656,0.325
24661,0.4
24663,0.78
24667,0.385
24669,0.485
24682,0.445
24698,0.255
24699,0.615
24702,0.41
24703,0.63
24717,0.27
24724,1.0
24731,0.37
24737,0.2
24740,0.575
24743,0.21
24744,0.99
24755,0.43
24757,0.41
24765,0.405
24766,0.47
24776,0.535
24787,0.995
24789,0.365
24791,0.26
24792,0.375
24804,0.185
24812,0.3
24816,0.44
24817,0.29
24820,0.67
24828,0.57
24832,0.3
24836,0.315
24842,0.705
24846,0.505
24847,0.48
24848,1.0
24851,0.71
24855,0.695
24856,0.445
24871,0.525
24874,0.3
24877,0.33
24889,0.385
24897,0.26
24899,0.82
24908,0.315
24913,0.815
24923,0.46
24933,0.37
24971,0.32
24973,0.995
24993,0.43
24998,0.35
25000,0.885
25001,0.885
25002,0.22
25003,0.89
25009,0.355
30162,0.455
30170,0.695
30174,0.48
30195,0.34
30196,0.345
30204,0.285
30207,0.82
30209,0.545
30212,0.45
30221,0.465
30225,0.45
30229,0.435
30231,0.64
30233,0.435
30237,0.39
30239,0.26
30242,0.135
30244,0.355
30249,0.38
30262,0.3
30286,0.485
30292,0.36
30303,0.345
25024,0.135
25026,0.315
25027,0.93
25034,0.305
25050,0.33
25057,0.36
25067,0.72
25075,0.34
25081,0.36
25085,0.37
25093,0.33
25097,0.28
25103,0.46
25104,0.44
25109,0.385
25112,0.78
25113,0.46
25114,0.405
25119,0.27
25121,0.285
25122,0.925
25124,0.625
25131,0.245
25134,0.8
25144,0.15
25147,0.7
25148,0.315
25149,0.425
25155,0.54
25169,0.88
25177,0.5
25178,0.25
25179,0.365
25180,0.65
25191,0.725
25199,0.32
25232,0.48
25241,0.335
25242,0.615
25243,0.22
25246,0.375
25259,0.84
25265,0.74
25278,0.54
25280,0.185
25284,0.25
25286,0.63
25288,0.235
25318,0.995
25330,0.69
25333,0.6
25339,0.29
25340,0.715
25346,0.49
25349,0.76
25351,0.42
25361,0.68
25366,0.325
25368,0.99
25369,0.37
25370,0.615
25375,0.045
25376,0.71
25377,0.31
25379,0.485
25382,0.625
25386,0.585
25389,0.605
25399,0.31
25400,0.98
25401,0.845
25407,0.18
25409,0.225
25412,0.34
25416,0.245
25418,0.49
25423,0.27
25436,0.315
25439,0.415
25442,0.43
25445,1.0
25446,0.44
25453,0.485
25456,0.54
25458,0.525
25460,0.42
25461,0.415
25468,0.625
25470,0.355
25471,0.4
25482,0.495
25501,0.76
25504,0.58
25515,0.37
25518,0.445
25528,0.455
25533,0.39
25543,0.295
25548,0.33
25564,0.35
25572,0.69
25576,0.305
25577,0.62
25587,0.415
25591,0.445
25596,0.22
25598,0.425
25617,0.405
25618,0.98
25620,0.34
25623,0.265
25626,0.475
25628,0.31
25633,0.53
25637,0.465
25644,0.2
25662,0.23
25663,0.305
25673,0.68
25678,0.305
25685,0.355
25691,0.39
25706,0.35
25707,0.32
25723,0.5
25725,0.565
25735,0.795
25740,0.32
25759,0.345
25761,0.715
25769,0.295
25774,0.285
25779,0.735
25781,0.55
25784,0.93
25790,0.865
25796,0.45
25816,0.225
25847,0.36
25850,0.41
25852,0.615
25856,0.4
25866,0.455
25867,0.65
25868,0.355
25869,0.585
25877,0.84
25878,0.43
25890,0.405
25898,0.98
25899,0.455
25906,0.97
25907,0.785
25915,1.0
25932,0.52
25939,0.43
25946,0.475
25951,0.5
25959,0.505
25961,0.32
25964,0.105
25969,0.435
25980,0.355
25986,0.39
25992,0.18
25998,0.285
26000,0.095
26006,0.46
26009,0.45
26016,0.735
26023,0.99
26038,0.605
26041,0.25
26050,0.265
26051,1.0
26057,0.42
26060,0.285
26062,0.32
26067,1.0
26068,0.445
26072,0.415
26074,0.775
26075,0.28
26081,0.53
26108,0.535
26112,1.0
26113,0.27
26115,0.45
26122,0.29
26139,0.145
26162,0.28
26165,0.45
26173,0.34
26177,0.3
26179,0.34
26184,0.28
26190,0.285
30320,0.39
30322,0.36
30355,0.54
30356,0.335
30372,0.405
30375,0.245
30379,0.465
30384,0.375
30386,0.425
30394,0.47
30395,0.415
30396,0.32
30397,0.43
30402,0.44
30413,0.46
30416,0.565
30420,0.345
30422,0.64
30432,0.405
30434,0.41
30438,0.33
30444,0.355
30446,0.61
30455,0.385
30457,0.36
30459,0.46
30463,0.44
30468,0.475
30477,0.305
30478,0.39
30481,0.335
30482,0.4
30487,0.44
30491,0.445
30496,0.6
30501,0.305
30506,0.365
30511,0.38
30513,0.305
30516,0.315
30520,0.255
30531,0.5
30542,0.525
30555,0.285
30557,0.365
30568,0.485
30570,0.495
30584,0.565
30594,0.365
30614,0.245
30617,0.425
30618,0.53
30631,0.29
30632,0.405
30634,0.445
30636,0.515
30637,0.545
30639,0.455
30647,0.415
30649,0.505
30656,0.36
30660,0.42
30665,0.39
30669,0.39
30681,0.335
30683,0.525
30687,0.535
30694,0.5
1,0.415
8,0.34
17,0.435
20,0.655
33,0.425
34,0.48
35,0.595
36,0.48
37,0.565
38,0.415
45,0.605
50,0.28
55,0.295
60,0.195
66,0.37
67,0.335
71,0.365
80,0.205
85,0.28
86,0.67
95,0.655
104,0.465
113,0.415
123,0.38
126,0.63
133,0.45
141,0.43
144,0.55
150,0.33
152,0.48
153,0.395
156,0.34
159,0.97
165,0.72
172,0.48
182,0.98
192,0.49
193,0.27
196,0.365
202,0.265
210,0.36
211,0.49
228,0.84
257,0.41
260,0.485
264,0.31
267,0.695
279,0.72
282,0.425
293,0.385
299,0.9
300,0.84
301,0.69
317,0.435
327,0.475
328,0.3
335,0.55
346,0.58
348,0.32
365,0.445
390,0.655
391,0.59
392,0.76
397,0.485
418,0.425
428,0.375
434,0.69
439,0.565
440,0.575
456,0.525
459,0.48
472,0.38
480,0.29
491,0.565
497,0.535
509,0.51
511,0.52
523,0.295
533,0.455
544,0.335
546,0.425
555,0.75
558,0.47
560,0.33
573,0.285
591,0.485
596,0.37
597,0.46
601,0.525
605,0.52
617,0.335
628,0.365
634,0.515
646,0.305
649,0.55
651,0.795
654,0.905
656,0.595
657,0.5
669,0.355
670,0.915
693,0.73
694,0.41
699,0.45
711,0.53
718,0.495
722,0.405
723,0.385
725,0.805
734,0.575
735,0.55
737,0.62
746,0.325
747,0.72
766,0.37
767,0.57
771,0.345
773,0.425
774,0.485
783,0.325
784,0.325
789,0.265
792,0.375
804,0.27
809,0.64
812,0.495
813,0.365
817,0.445
820,0.44
825,0.365
826,0.325
829,0.515
855,0.325
859,0.685
862,0.315
870,0.375
876,0.435
880,0.33
886,1.0
889,0.83
891,0.63
897,1.0
902,0.3
903,0.46
908,0.42
909,0.45
920,0.35
922,0.39
924,0.55
932,0.36
934,0.285
937,0.45
941,0.425
943,0.415
950,0.575
952,0.46
954,0.98
963,0.42
975,0.34
979,0.425
981,0.39
983,0.305
985,0.425
989,0.395
995,0.365
998,0.195
1008,0.32
1019,0.8
1023,0.525
1026,0.42
1029,0.76
1034,0.92
1036,0.75
1038,0.315
1039,0.62
1051,0.715
1052,0.23
1066,0.265
1087,0.3
1092,0.3
1094,0.85
1098,0.235
1099,0.385
1102,0.355
1118,0.45
1131,0.365
1133,0.71
1135,1.0
1138,0.57
1139,0.795
1142,0.405
1151,0.48
1152,0.4
1155,0.745
1165,0.23
1167,0.96
1172,0.47
1174,0.775
1180,0.37
1200,0.475
1202,0.5
1227,0.645
1228,0.485
1229,0.29
1237,0.525
1241,0.39
1256,0.15
1279,0.475
1293,0.43
1295,0.35
1319,0.87
1320,0.325
1321,0.925
1322,0.86
1334,0.295
1351,0.88
1373,0.39
1375,0.385
1380,0.395
1382,0.625
1385,0.44
1399,0.255
1403,0.985
1428,0.15
1434,0.45
1444,1.0
1448,0.35
1466,0.8
1476,0.405
1478,0.455
1485,0.48
1491,0.515
1494,0.505
1500,0.345
1501,0.53
1503,0.36
26204,0.45
26205,0.03
26212,0.73
26215,0.25
26227,0.87
26232,0.545
26237,0.72
26246,0.645
26248,0.655
26249,0.385
26260,0.345
26263,0.375
26267,0.915
26269,0.38
26271,0.705
26273,0.64
26286,0.375
26297,0.345
26309,0.345
26313,0.31
26319,0.385
26329,0.305
26330,0.765
26333,0.44
26361,0.785
26366,0.385
26376,0.97
26378,0.425
26382,0.41
26389,0.31
26391,0.345
26401,0.8
26415,0.3
26419,0.72
26421,1.0
26422,0.215
26423,0.705
26424,0.59
26441,0.83
26442,0.285
26446,0.77
26447,0.41
26448,0.335
26451,0.4
26459,0.345
26465,0.155
26476,0.16
26481,0.245
26487,1.0
26501,0.22
26513,0.905
26517,0.195
26527,0.915
26534,0.925
26535,1.0
26545,0.295
26550,0.12
1519,0.58
1524,0.215
1529,0.725
1533,0.575
1538,0.985
1539,0.545
1546,0.38
1555,0.35
1559,0.46
1563,0.68
1565,0.8
1574,0.28
1591,0.27
1594,0.175
1605,0.34
1611,0.605
1614,0.515
1620,0.46
1626,0.285
1630,0.53
1632,0.37
1634,0.355
1643,0.26
1651,0.39
1655,0.29
1658,0.185
1659,0.515
1665,0.295
1675,0.34
1680,0.76
1690,0.42
1696,0.335
1714,0.185
1721,0.5
1726,0.31
1728,0.31
1734,0.3
1735,0.395
1740,0.325
1744,0.74
1747,0.365
1752,0.245
1763,0.78
1765,0.82
1769,0.365
1785,0.67
1787,0.555
1788,0.515
1793,0.435
1800,0.445
1825,0.465
1826,0.545
1834,0.405
1843,0.355
1844,0.29
1848,0.29
1849,0.4
1860,0.485
1863,0.435
1875,0.63
1883,0.485
1890,0.47
1892,0.355
1893,0.485
1897,0.38
1905,0.44
1908,0.625
1931,0.4
1940,0.725
1943,0.4
1947,0.22
1965,0.87
1967,0.375
1968,0.375
1972,0.815
1982,0.415
1985,0.33
2005,0.74
2010,0.595
2021,0.485
2024,0.51
2036,0.515
2043,0.785
2047,0.505
2049,0.54
2055,0.245
2065,0.49
2066,0.32
2070,0.41
2077,0.98
2085,0.7
2095,0.76
2097,0.835
2108,0.295
2112,0.875
2113,0.85
2122,0.3
2139,0.5
2144,0.58
2146,0.24
2148,0.2
2149,0.855
2157,0.34
2159,0.325
2168,0.38
2176,0.315
2178,0.55
2181,0.3
2187,0.625
2188,0.24
2190,0.305
2194,0.3
2197,0.325
2214,0.305
2217,0.295
2222,0.525
2223,0.385
2226,0.32
2230,0.565
2240,0.315
2247,0.4
2250,0.33
2259,0.595
2262,0.41
2266,0.42
2305,0.32
2310,0.285
2313,0.34
2319,0.845
2320,0.805
2345,0.19
2350,0.81
2356,0.39
2360,0.565
2370,0.355
2386,0.34
2398,0.45
2414,0.605
2435,0.795
2439,0.195
2446,0.84
2458,0.22
2465,0.205
2466,0.34
2470,0.26
2495,0.81
2501,0.345
2507,0.22
2533,0.1
2537,0.455
2538,0.235
2541,0.19
2542,0.78
2544,0.835
2554,0.14
2555,0.14
2565,0.44
2575,0.745
2586,0.505
2588,0.425
2594,0.62
2617,0.425
2618,0.245
2623,0.96
2631,0.725
2640,0.195
2642,0.89
2647,0.305
2663,0.45
2664,0.315
2676,0.505
2680,0.995
2681,0.475
2691,0.39
2693,0.36
2695,0.265
2704,0.225
2708,0.34
2709,0.98
2717,0.91
2722,0.32
2728,0.4
2732,0.79
2743,0.475
2752,0.285
2757,0.73
2761,0.34
2769,0.085
2771,0.415
2774,0.28
2776,0.37
2781,0.25
2793,0.205
2799,0.3
2803,0.31
2811,0.345
2818,0.27
2824,0.73
2828,0.795
2829,0.275
2830,0.26
2842,0.795
2847,0.635
2848,0.375
2868,0.4
2870,0.245
2885,0.39
2886,0.255
2889,0.725
2903,0.42
2904,0.66
2918,0.72
2919,0.295
2922,0.285
2923,0.245
2931,0.34
2945,0.365
2955,0.455
2957,0.67
2960,0.63
2963,0.24
2966,0.645
2972,0.72
2974,0.275
2982,0.15
2984,0.67
3016,0.25
3021,0.365
3023,0.52
3025,0.275
3029,0.205
3034,0.71
3038,0.33
3040,0.405
3051,0.835
3062,0.27
3069,0.345
3071,0.48
3076,1.0
3079,0.29
3081,0.2
3082,0.39
3084,0.895
3098,0.35
3104,0.35
3105,0.415
26558,0.3
26571,0.8
26573,0.38
26575,0.29
26578,0.14
26583,0.765
26590,0.365
26593,0.75
26602,0.155
26606,0.695
26613,0.645
26615,0.22
26618,0.32
26628,1.0
26630,0.61
26635,0.4
26645,0.37
26648,0.295
26651,0.195
26660,0.175
26663,0.665
26664,0.725
26665,0.625
26673,0.71
26675,0.325
26676,0.29
26677,0.37
26679,0.12
26687,0.245
26689,0.18
26697,0.285
26737,0.945
26747,0.995
26748,0.5
26749,0.41
26754,0.985
26759,0.275
26760,0.66
26765,0.255
26769,0.45
26771,0.325
26776,0.455
26778,0.26
26780,0.43
26783,0.265
26785,0.395
26800,0.375
26804,0.37
26812,0.325
26816,0.22
26823,0.735
26834,0.615
26836,0.56
26841,0.62
26845,0.465
26849,0.33
26854,0.775
26858,0.38
26860,0.405
26866,0.35
26871,0.315
26873,0.585
26905,0.385
26907,0.375
26920,0.59
26924,0.17
26930,0.14
26942,0.7
26944,0.43
26949,0.49
26952,1.0
26956,0.28
26973,0.295
26977,0.41
3114,0.77
3118,0.305
3122,0.29
3132,0.23
3138,0.31
3141,0.19
3156,0.67
3162,0.5
3167,0.395
3170,0.425
3171,0.26
3172,0.335
3176,0.515
3180,0.475
3189,0.485
3198,0.43
3206,0.415
3215,0.395
3222,0.605
3228,0.3
3229,0.41
3232,0.325
3233,0.14
3238,0.425
3256,0.445
3264,0.655
3273,0.28
3275,0.585
3285,0.82
3289,0.2
3294,0.36
3306,0.38
3311,0.715
3318,0.225
3322,0.58
3324,0.255
3334,0.69
3341,0.52
3345,0.32
3346,0.995
3352,0.21
3368,0.29
3371,0.195
3372,0.42
3375,0.295
3384,0.33
3387,0.24
3393,0.355
3406,0.34
3411,0.645
3412,0.675
3414,0.54
3417,0.58
3420,0.74
3423,0.77
3436,0.275
3438,0.7
3442,0.305
3443,0.325
3451,0.185
3461,0.425
3489,0.26
3491,0.45
3510,0.545
3515,0.505
3527,0.565
3530,0.43
3540,0.285
3582,0.205
3604,0.29
3605,0.355
3609,0.345
3624,0.07
3628,0.83
3630,0.25
3641,0.26
3642,0.34
3648,0.34
3650,0.89
3652,0.545
3660,0.36
3664,0.29
3670,0.24
3672,0.25
3680,0.19
3682,0.955
3685,0.69
3686,0.33
3689,0.4
3705,0.295
3712,0.195
3713,0.26
3719,0.22
3721,0.275
3723,0.825
3724,0.17
3727,0.385
3733,0.56
3734,0.595
3742,0.29
3770,0.31
3777,0.355
3778,0.405
3780,0.55
3783,0.38
3784,0.48
3788,0.32
3790,0.41
3794,0.34
3795,0.29
3796,0.5
3801,0.635
3806,0.405
3813,0.46
3814,0.465
3818,0.435
3824,0.37
3836,0.545
3853,0.65
3855,0.36
3858,0.195
3861,0.39
3866,0.29
3870,0.385
3874,0.995
3876,0.355
3878,0.33
3890,0.795
3900,1.0
3904,0.465
3906,0.595
3907,0.475
3908,0.595
3912,0.435
3918,1.0
3923,0.92
3924,0.51
3925,0.465
3927,0.745
3955,1.0
3964,0.32
3969,0.34
3974,0.66
3976,0.2
3984,0.275
3991,0.4
3993,0.82
4009,0.555
4011,0.39
4020,0.385
4033,0.255
4041,0.5
4045,0.75
4052,0.315
4055,0.37
4056,0.425
4057,0.455
4067,1.0
4069,0.43
4077,0.675
4094,0.6
4095,0.6
4100,0.515
4119,0.6
4130,0.78
4131,0.46
4132,0.75
4134,0.5
4137,0.935
4138,0.355
4143,0.185
4145,0.235
4148,0.265
4163,0.215
4166,0.28
4169,0.85
4170,0.4
4174,0.275
4180,0.4
4199,1.0
4201,0.49
4203,0.29
4210,0.03
4211,0.27
4213,1.0
4225,0.465
4235,0.38
4242,0.31
4245,0.51
4250,0.595
4252,0.5
4254,0.29
4263,0.08
4264,0.1
4268,0.425
4270,0.315
4282,0.72
4283,0.32
4291,0.345
4304,0.295
4306,0.385
4309,0.475
4310,0.405
4313,0.23
4314,0.42
4315,0.345
4321,0.425
4324,0.24
4325,0.42
4328,0.405
4329,0.36
4332,0.285
4337,0.31
4342,0.39
4344,0.3
4352,0.355
4355,0.41
4366,0.305
4371,0.47
4372,0.55
4376,0.33
4384,0.35
4387,0.305
4389,0.43
4390,0.325
4406,0.305
4407,0.805
4409,1.0
4410,0.82
4424,0.345
4434,0.38
4452,0.325
4460,0.31
4470,0.59
4480,0.35
4496,1.0
4503,0.31
4512,0.46
4518,0.725
4519,0.405
4522,0.215
4525,0.32
4537,0.495
4546,0.325
4547,0.915
4553,0.365
4556,0.395
4558,0.85
4563,0.2
4568,0.23
4574,0.925
4578,0.155
4587,0.28
4592,0.845
4610,0.355
4615,0.185
4619,0.29
4620,0.705
4625,0.885
4635,0.42
4636,0.265
4641,0.21
4650,0.215
4653,0.87
4665,0.22
4668,0.99
4669,0.345
4670,0.185
4674,0.24
4675,0.47
4676,0.52
4679,0.15
4680,0.965
4686,0.235
4699,0.44
4713,0.71
4718,0.305
4721,0.37
4722,0.315
4724,0.315
4730,0.995
4731,0.24
4735,0.355
4743,0.285
4745,0.17
4746,0.785
4747,0.26
4748,0.285
4769,0.375
4771,0.39
4774,0.33
4784,0.2
4797,0.55
4801,0.68
4804,0.465
4820,0.11
4833,0.445
4834,0.31
4851,0.34
4859,0.435
4860,0.995
4863,0.3
4873,0.445
4881,0.22
4892,0.345
4908,0.32
4911,0.275
4915,0.2
4922,0.265
4929,0.33
4936,0.285
4939,0.345
4951,0.24
4956,0.38
4961,0.24
4964,0.36
4981,0.37
4991,0.99
4992,0.24
4997,0.425
5004,0.325
5010,0.255
5012,0.21
5015,0.215
5020,0.55
5030,0.29
26993,0.735
26997,0.23
26999,0.745
27021,0.3
27023,0.36
27025,0.09
27027,0.455
27032,0.745
27034,0.15
27036,0.42
27045,0.295
27050,0.19
27051,0.705
27055,0.435
27056,0.44
27060,0.385
27061,0.91
27066,0.785
27070,0.28
27073,0.36
27077,0.85
27085,0.48
27086,0.31
27099,0.52
27105,0.595
27109,0.455
27125,0.345
27135,0.515
27139,0.55
27140,0.955
27141,0.43
27142,0.355
27144,0.38
27148,0.41
27154,0.39
27162,0.755
27175,0.445
27176,0.47
27178,0.725
27197,0.495
27204,0.51
27205,0.415
27206,0.275
27207,0.42
27216,0.315
27230,0.28
27234,0.29
27241,0.27
27249,1.0
27251,0.205
27252,0.685
27256,0.925
27257,0.625
27263,0.325
27268,0.4
27269,0.245
27276,0.22
27279,0.74
27288,0.87
27295,0.25
27299,0.315
27302,0.58
27304,0.33
5051,0.99
5052,0.22
5057,0.68
5058,0.42
5060,0.29
5061,0.28
5064,0.48
5078,0.35
5080,0.455
5088,0.47
5089,0.69
5090,0.33
5103,1.0
5108,0.395
5114,0.245
5115,0.305
5124,0.765
5137,0.36
5139,0.4
5144,0.34
5149,0.845
5157,0.395
5163,0.425
5174,0.395
5176,0.2
5179,0.14
5186,0.06
5203,0.765
5204,0.89
5206,0.285
5207,0.665
5220,0.28
5221,0.7
5224,0.33
5227,0.255
5229,0.235
5232,0.97
5240,0.67
5242,0.68
5243,0.315
5245,0.675
5248,0.4
5249,0.245
5254,0.365
5269,0.43
5272,0.32
5276,0.31
5286,0.685
5290,0.23
5308,0.39
5316,0.41
5318,0.215
5319,0.43
5320,0.575
5322,0.31
5324,0.32
5331,0.675
5336,1.0
5344,0.28
5354,0.425
5356,0.05
5358,0.31
5361,0.31
5365,0.87
5370,0.4
5376,0.345
5383,0.46
5384,0.305
5385,0.375
5393,0.765
5397,0.28
5398,0.35
5402,0.415
5407,0.69
5409,0.375
5425,0.085
5428,0.79
5430,0.28
5442,0.325
5447,0.205
5470,0.46
5485,0.29
5493,0.455
5502,0.74
5504,0.38
5517,0.29
5522,0.365
5527,0.89
5528,0.265
5536,0.62
5545,0.18
5576,0.3
5577,0.395
5592,0.305
5594,0.32
5595,0.355
5596,0.445
5599,0.395
5606,0.465
5617,0.445
5625,0.73
5626,0.22
5627,0.765
5642,0.695
5659,1.0
5664,0.905
5666,0.74
5671,0.295
5674,0.3
5677,0.34
5681,0.255
5683,0.025
5700,0.275
5713,0.725
5715,0.575
5718,0.37
5726,0.61
5738,0.27
5741,0.8
5743,0.76
5753,0.415
5761,0.48
5789,0.58
5797,0.365
5803,0.305
5810,0.41
5813,0.495
5817,0.37
5818,0.23
5822,0.375
5829,0.385
5846,0.27
5847,0.165
5854,0.21
5858,0.33
5863,0.31
5869,0.205
5870,0.255
5876,0.235
5881,0.195
5901,0.195
5922,0.595
5928,0.705
5933,0.31
5934,0.86
5946,0.395
5951,0.2
5955,0.365
5956,0.995
5965,0.39
5972,0.41
5981,0.15
5997,0.425
6005,0.31
6009,0.21
6010,0.23
6015,0.14
6039,0.305
6047,0.51
6051,0.115
6056,0.42
6061,0.45
6064,0.235
6065,0.375
6070,0.39
6085,0.67
6086,0.135
6091,0.6
6097,0.3
6099,0.06
6104,0.62
6108,0.095
6109,0.115
6124,0.695
6142,0.64
6144,0.46
6150,0.25
6154,0.28
6155,0.455
6156,0.96
6158,0.31
6159,1.0
6169,0.885
6170,0.01
6179,0.41
6184,0.58
6186,0.6
6204,0.095
27316,0.395
27318,0.36
27330,0.43
27333,0.56
27335,0.505
27339,0.42
27341,0.67
27342,0.415
27345,0.57
27347,0.715
27354,0.71
27361,0.385
27375,0.775
27387,0.67
27390,0.635
27392,0.905
27399,0.13
27403,0.4
27410,0.335
27423,0.295
27429,0.225
27432,0.6
27436,0.515
27437,0.74
27441,0.675
27444,0.785
27445,0.23
27448,0.845
27454,0.48
27459,0.46
27465,0.325
27478,1.0
27479,0.44
27481,0.66
27483,0.5
27486,0.26
27498,0.26
27505,0.465
27507,0.32
27509,0.21
27514,0.345
27527,0.96
27535,0.36
27544,0.22
27545,0.255
27556,0.21
27563,0.355
27569,0.345
27585,0.675
27589,0.415
27605,0.295
27608,0.855
27609,0.275
27611,0.34
27621,0.48
27626,0.705
27629,0.31
27645,0.905
27651,0.335
27654,0.33
27656,0.765
27663,0.805
27673,0.375
27677,0.265
27678,0.255
27680,0.405
27681,0.295
27684,0.22
27688,0.4
27706,0.44
27709,0.335
27720,0.38
27722,0.335
27733,0.83
27734,0.72
27739,0.475
27746,0.12
27751,0.72
27755,0.295
6230,0.45
6231,0.38
6232,0.99
6235,0.485
6237,0.775
6239,0.44
6263,0.2
6265,0.335
6270,0.605
6271,0.15
6278,0.265
6279,0.605
6288,0.27
6294,0.375
6295,0.175
6302,0.705
6306,0.325
6322,0.95
6324,0.515
6327,0.275
6331,0.18
6334,0.435
6338,0.675
6339,0.715
6362,0.305
6372,0.16
6375,0.835
6393,0.215
6394,0.29
6405,0.995
6406,0.57
6416,0.705
6421,0.27
6422,0.2
6440,1.0
6457,0.79
6460,0.615
6463,0.365
6474,0.755
6476,0.46
6477,0.215
6482,0.495
6488,0.29
6489,0.33
6494,0.32
6499,0.55
6507,0.37
6524,0.425
6527,0.47
6531,0.32
6536,0.255
6538,0.065
6542,0.65
6565,0.145
6584,0.445
6588,0.39
6597,0.23
6603,0.68
6609,0.775
6613,0.825
6622,0.12
6630,0.41
6637,0.26
6639,0.945
6640,0.165
6646,0.56
6647,0.22
6648,1.0
6669,0.285
6680,0.33
6681,0.445
6684,0.05
6693,0.38
6694,0.385
6704,0.215
6706,0.23
6710,0.36
6713,0.33
6718,0.09
6732,0.635
6737,0.375
6739,0.28
6742,0.26
6746,0.695
6753,0.255
6771,0.13
6784,0.295
6790,0.985
6795,0.165
6807,0.235
6808,0.36
6818,0.35
6823,0.45
6830,0.395
6831,0.45
6832,0.42
6836,0.39
6846,0.375
6850,0.52
6854,0.43
6868,0.78
6876,0.645
6877,0.665
6881,0.245
6882,0.4
6884,0.565
6886,0.345
6901,0.485
6910,0.56
6913,0.4
6914,0.73
6918,0.615
6930,0.525
6941,0.31
6944,0.545
6945,0.36
6947,0.58
6949,0.6
6952,0.54
6963,0.74
6964,0.755
6972,0.78
6979,0.405
6981,0.44
6988,0.93
6990,0.26
6998,0.485
7004,0.585
7016,0.51
7027,0.37
7042,0.285
7056,0.27
7061,0.275
7069,0.605
7071,0.4
7088,0.59
7099,0.395
7108,0.38
7121,0.895
7125,0.94
7136,0.73
7149,0.765
7150,0.86
7151,0.265
7167,0.33
7177,0.84
7178,0.155
7183,0.685
7186,0.48
7190,0.205
7201,0.385
7202,0.51
7207,0.475
7213,0.35
7224,0.78
7225,0.29
7233,0.445
7239,0.4
7246,0.135
7248,0.295
7261,0.405
7264,0.38
7266,0.195
7274,0.17
7279,0.36
7293,0.415
7315,0.285
7322,0.275
7326,0.94
7341,0.38
7363,0.38
7365,0.765
7371,0.32
7377,0.275
7393,0.765
7405,0.23
7410,0.235
7434,0.81
7438,0.395
7447,0.905
7450,0.825
7452,0.305
7453,0.25
7455,0.35
7456,0.47
7457,0.995
7466,0.275
7470,0.665
7474,0.325
7487,0.54
7488,0.63
7492,0.835
7496,0.385
7501,0.7
7505,0.81
7512,0.365
7526,0.71
7536,0.66
7538,0.715
7539,0.505
7544,0.46
7554,0.405
7564,0.305
7566,0.67
7580,0.675
7581,0.7
7584,0.205
7587,0.32
7589,0.355
7590,0.54
7594,0.605
7597,0.38
7602,0.575
7603,0.41
7605,0.66
7609,0.4
7613,0.335
7619,0.27
7625,0.36
7626,0.2
7636,0.245
7639,0.88
7641,0.285
7643,0.965
7644,0.26
7657,0.49
7661,0.75
7666,0.335
7673,0.335
7683,0.33
7685,0.455
7699,0.315
7704,0.5
7705,0.565
7708,0.61
7728,0.195
7733,0.315
7741,0.47
7743,0.435
7745,0.275
7754,0.775
7756,0.28
7757,0.53
7770,0.755
7773,0.995
7774,0.415
7776,0.705
7777,0.305
7778,0.46
7781,0.145
7784,0.26
7789,0.79
7794,0.625
7799,0.275
7801,0.74
7818,0.2
7823,0.32
7828,0.355
7832,0.455
7839,0.415
7851,0.715
7856,0.275
7868,0.32
7869,0.225
7872,0.27
7874,0.2
7878,0.375
7888,0.4
7913,0.26
7923,0.515
7925,0.335
7926,0.725
7938,0.415
7942,0.555
7945,0.285
7954,0.625
7963,0.235
7969,0.415
7970,0.63
7977,0.7
7981,0.38
7990,0.295
8020,0.535
8023,0.41
8025,0.61
8034,0.34
8039,0.39
8046,0.29
8051,0.475
8055,0.275
8060,0.48
8063,0.385
8073,0.985
8074,0.475
8076,0.87
8080,0.34
8088,0.405
8102,0.615
8103,0.385
8104,0.3
8105,0.195
8109,0.265
8115,0.18
8121,0.715
8126,0.305
8135,0.905
8153,0.685
8156,0.28
8160,0.76
8161,0.44
8162,0.435
8171,0.595
8181,0.42
8183,0.385
8185,0.26
8191,0.605
8203,0.235
8204,0.375
8207,0.8
8208,0.28
8209,0.74
8210,0.43
8225,0.225
8226,0.35
8231,0.64
8233,0.245
8244,0.755
8250,0.495
8261,0.67
8265,0.4
8278,0.45
8279,0.38
8280,0.22
8296,0.745
8299,0.32
8300,0.405
8301,0.155
8305,0.47
8327,0.335
8334,0.445
8349,0.35
8355,0.51
8361,0.31
8362,0.275
8364,0.17
8365,0.2
8375,0.36
8378,0.79
8380,0.255
8381,0.18
8387,0.395
8399,0.75
8402,0.945
8409,0.37
8433,0.705
8436,0.425
8442,0.34
8448,0.44
8464,0.4
8469,0.365
8474,0.64
8478,0.56
8482,0.49
8490,0.165
8510,0.445
8511,0.535
8527,0.32
8532,0.3
8533,0.325
8538,0.26
8541,0.335
8545,0.38
8553,0.15
8554,0.37
8555,0.3
8569,0.395
8586,0.725
8593,0.355
8600,0.995
8606,0.61
8607,0.265
8611,0.305
8613,0.565
8618,0.87
8630,0.34
8637,0.285
8650,0.325
8652,0.365
8661,0.155
8669,0.395
8673,0.45
8674,0.29
8678,0.775
8682,0.51
8688,0.335
8689,0.81
8695,0.455
8698,0.475
8703,0.32
8709,0.41
8716,0.31
8723,0.45
8737,0.695
8753,0.24
8773,0.23
8774,0.385
8778,0.575
8786,0.75
8794,0.405
8795,0.59
8800,0.41
8804,0.275
8808,0.43
8809,0.37
8817,0.165
8818,0.375
8825,0.365
8830,0.275
8833,0.48
8834,0.3
8836,0.485
8837,0.41
8844,0.46
8851,0.255
8861,0.995
8864,0.435
8865,0.35
8869,0.31
8873,0.765
8880,0.74
8884,0.25
8888,0.265
8889,0.27
8891,0.825
8893,0.24
8897,0.38
8905,0.385
8910,0.795
8918,0.705
8939,0.3
8940,0.285
8941,0.4
8944,0.35
8949,0.49
8950,0.315
8958,0.755
8967,0.9
8975,0.625
8979,0.295
8980,0.31
8991,0.135
8995,0.1
8996,0.38
8998,0.58
9000,0.445
9001,0.56
9002,0.34
9024,0.44
9026,0.425
9027,0.15
9034,0.43
9038,0.315
9050,0.32
9052,0.77
9054,0.43
9078,0.825
9097,0.215
9109,0.32
9112,0.82
9115,0.375
9125,0.045
9132,0.31
9136,0.17
9139,0.245
9140,0.335
9142,0.545
9143,0.29
9147,0.78
9159,0.255
9165,0.745
9172,0.375
9177,0.305
9179,0.31
9185,0.33
9196,1.0
9201,0.335
9209,0.22
9210,0.765
9212,0.175
9214,0.305
9240,0.96
9241,0.215
9244,0.34
9249,0.35
9250,0.77
9255,0.335
9258,0.39
9263,0.255
9266,0.635
9269,0.21
9272,0.25
9276,0.865
9290,0.315
9299,0.285
9303,0.515
9310,0.05
9311,0.42
9314,0.315
9315,0.81
9325,0.41
9328,0.615
9329,0.485
9332,0.98
9337,0.385
9353,0.87
9355,0.36
9356,0.465
9362,0.83
9364,0.555
9366,0.5
9387,1.0
9388,1.0
9396,0.285
9400,0.305
9406,0.325
9411,0.395
9416,0.7
9417,0.855
9423,0.83
9425,0.435
9426,0.415
9427,0.34
9429,0.875
9430,0.77
9434,0.27
9442,0.36
9458,0.555
9476,0.385
9481,0.36
9483,0.505
9484,0.385
9487,0.86
9488,0.31
9490,0.515
9502,1.0
9505,0.33
9509,0.295
9515,0.505
9516,0.435
9532,0.37
9539,0.605
9542,0.435
9549,0.415
9550,0.615
9553,0.275
9554,0.36
9561,0.36
9566,0.335
9571,0.395
9577,0.325
9584,0.375
9592,0.49
9596,0.83
9602,0.215
9603,0.245
9604,0.59
9608,0.895
9609,0.37
9613,0.28
9623,0.375
9630,0.95
9633,0.545
9648,0.32
9665,0.245
9668,0.355
9678,0.26
9679,0.275
9693,0.915
27777,0.425
27783,0.195
27795,0.565
27805,0.285
27811,0.3
27815,0.27
27823,0.4
27856,0.37
27873,0.39
27883,0.34
27885,0.86
27887,0.775
27899,0.56
9718,0.915
9720,0.88
9744,0.365
9745,0.26
9746,0.85
9753,0.365
9758,0.13
9759,0.46
9763,0.395
9766,0.35
9767,0.275
9777,0.59
9781,0.32
9789,0.415
9790,0.36
9799,0.225
9802,0.15
9805,0.63
9807,0.265
9812,0.12
9818,0.2
9820,0.915
9822,0.515
9824,0.08
9834,0.38
9836,0.345
9847,0.36
9864,0.75
9869,0.33
9875,0.395
9880,0.32
9889,0.84
9894,0.47
9909,0.935
9915,0.3
9919,0.28
9920,0.86
9940,0.795
9946,0.68
9958,0.895
9959,0.385
9973,0.595
9976,0.405
9978,0.465
9982,0.335
9987,0.445
9988,0.21
9992,0.395
10000,0.02
10002,0.83
10005,0.51
10008,0.265
10009,0.4
10011,0.23
10021,0.255
10022,0.94
10053,0.29
10074,0.545
10076,0.415
10090,0.22
10092,0.185
10099,0.525
10102,0.545
10103,0.33
10106,0.665
10108,0.905
10113,0.89
10119,0.335
10122,0.32
10125,0.38
10140,0.305
10155,0.37
10159,0.24
10164,0.46
10175,0.35
10176,0.61
10178,0.41
10186,0.335
10200,0.475
10204,0.295
10206,0.365
10211,0.475
10212,0.315
10217,0.37
10220,0.68
10230,0.715
10234,0.35
10235,0.375
10239,0.27
10240,0.14
10242,0.23
10245,0.3
10246,0.75
10247,0.375
10250,0.405
10254,0.87
10257,0.66
10260,0.42
10261,0.895
10265,0.455
10273,0.33
10274,0.255
10277,0.29
10289,0.77
10290,0.4
10298,0.495
10301,0.44
10304,0.385
10305,0.46
10313,0.185
10320,0.355
10323,0.35
10328,0.23
10332,1.0
10336,1.0
10343,0.21
10348,0.235
10350,0.245
10351,0.48
10354,0.355
10372,0.295
10373,0.625
10380,0.475
10383,0.27
10396,0.54
10397,0.615
10399,0.73
10400,0.32
10401,0.325
10402,0.3
10403,0.255
10410,0.995
10412,0.625
10415,0.295
10424,0.26
10428,0.325
10432,0.33
10462,0.285
10477,0.52
10482,0.335
10484,0.355
10493,0.42
10495,0.355
10497,0.26
10516,0.38
10521,0.36
10522,0.765
10523,0.68
10528,0.49
10530,0.29
10532,0.565
10533,0.515
10543,0.27
10547,0.685
10552,0.545
10558,0.315
10571,0.37
10572,0.15
10574,0.325
10583,0.65
10600,0.245
10607,0.48
10608,0.55
10614,0.305
10630,0.35
10634,0.34
10635,0.48
10641,0.78
10643,0.6
10644,0.28
10648,0.595
10669,0.435
10675,0.55
10686,0.83
10704,0.26
10707,0.41
10722,0.435
10736,0.8
10764,0.265
10767,0.92
10776,0.305
10779,0.525
10781,0.42
10792,0.66
10797,0.405
10798,0.39
10801,0.62
10802,0.63
10805,0.43
10808,0.435
10810,0.735
10816,0.38
10817,0.29
10829,0.87
10843,0.24
10858,0.245
10866,0.345
10876,0.275
10887,0.295
10891,0.31
10896,0.37
10900,0.85
10905,0.155
10907,0.23
10917,0.275
10936,0.23
10947,0.325
10948,0.615
10951,0.33
10955,0.245
10969,0.375
10984,0.43
10987,0.44
10990,0.43
10992,0.34
10996,0.48
10997,0.365
10999,0.385
11000,0.875
11001,0.32
11010,0.455
11016,0.44
11018,0.935
11034,0.995
11039,0.345
11041,0.295
11047,0.39
11053,0.535
11055,0.455
11056,0.405
11065,0.175
11068,0.81
11070,0.305
11071,0.83
11072,0.3
11079,0.225
11091,0.475
11094,0.115
11112,0.28
11113,0.165
11128,0.12
11153,0.535
11154,0.075
11163,0.36
11179,0.11
11181,0.185
11206,0.335
11216,0.295
11221,0.37
11223,0.465
11228,0.665
11235,0.42
11237,0.25
11244,0.33
11256,0.495
11267,0.475
11272,0.84
11281,0.335
11285,0.23
11288,0.175
11291,0.385
11293,0.435
11297,0.295
11298,0.32
11299,0.325
11301,0.335
11309,0.69
11331,0.505
11332,0.395
11337,0.54
11343,0.945
11347,0.55
11348,0.585
11355,0.995
11368,0.24
11369,0.67
11371,0.925
11378,0.765
11384,0.465
11387,0.48
11393,0.365
11399,0.415
11412,0.76
11431,0.39
11432,0.32
11444,1.0
11450,0.98
11451,0.68
27921,0.53
27924,0.365
27927,0.315
27929,0.37
27932,0.38
27943,0.415
27945,0.435
27952,0.385
27957,0.835
27960,0.37
27966,0.465
27968,0.855
27980,0.81
27984,0.505
27994,0.48
27995,0.55
28002,0.505
28004,0.485
28006,0.26
28028,0.675
11476,0.18
11488,0.345
11495,0.76
11505,0.355
11508,0.98
11518,0.64
11522,0.37
11524,0.345
11533,0.265
11549,0.19
11551,0.895
11560,0.425
11563,0.435
11565,0.83
11567,0.235
11569,0.27
11598,0.64
11604,0.74
11611,0.56
11617,0.435
11626,0.185
11642,0.435
11643,0.225
11648,0.45
11651,0.4
11663,0.36
11666,0.35
11685,0.29
11686,0.595
11698,0.37
11708,0.36
11711,0.215
11718,0.27
11742,0.545
11761,0.66
11767,0.38
11768,0.29
11775,0.68
11779,0.205
11786,0.58
11790,0.8
11791,0.355
11796,0.07
11806,0.63
11810,0.545
11811,0.395
11814,0.81
11816,0.495
11820,0.46
11822,0.355
11829,0.48
11832,0.445
11834,0.49
11836,0.25
11837,0.42
11844,0.825
11847,0.69
11864,0.68
11865,0.53
11872,0.345
11873,0.15
11886,0.255
11894,0.175
11905,0.245
11906,0.31
11907,0.365
11912,0.355
11914,0.735
11918,0.435
11924,0.475
11929,0.985
11930,0.39
11936,0.2
11937,0.335
11954,0.47
11957,0.245
11964,0.17
11968,0.065
11972,0.335
11976,0.42
11979,0.32
11981,0.56
11983,0.47
11989,0.215
11991,0.445
11998,0.46
12003,0.395
12007,0.38
12011,0.645
12014,0.23
12024,0.085
12033,0.585
12034,0.42
12041,0.425
12046,0.36
12056,0.36
12064,0.295
12069,0.24
12070,0.275
12071,0.41
12072,0.24
12078,0.285
12091,0.77
12092,0.37
12094,0.335
12098,0.405
12103,0.465
12115,0.845
12118,0.14
12122,0.655
12125,1.0
12133,0.405
12137,0.095
12141,0.505
12143,0.5
12144,0.92
12154,0.48
12163,0.4
12170,0.65
12193,0.45
12196,0.345
12206,0.455
12209,0.185
12214,0.525
12228,0.42
12233,0.63
12238,0.15
12242,0.395
12245,0.6
12247,0.335
12251,0.36
12287,0.365
12292,0.775
12304,0.415
12317,0.87
12320,0.765
12323,0.905
12328,0.385
12333,0.74
12334,0.425
12335,0.26
12352,0.34
12358,0.405
12364,0.42
12376,0.295
12396,0.365
12402,1.0
12406,0.41
12408,0.385
12410,0.98
12413,0.695
12417,0.425
12424,0.485
12425,0.48
12426,0.375
12430,0.32
12432,0.825
12433,0.315
12451,0.17
12457,0.61
12465,0.385
12468,0.705
12474,0.575
12475,0.445
12486,0.17
12487,0.665
12514,0.33
12524,0.98
12526,0.36
12530,0.6
12532,0.17
12593,0.34
12599,0.335
12600,0.47
12603,0.31
12624,1.0
12630,0.32
12638,0.36
12641,0.7
12643,0.795
12656,0.345
12666,0.76
12673,0.96
12675,0.355
12678,0.87
12692,0.045
12693,0.96
12707,0.275
12711,0.72
12716,0.195
12717,0.92
12723,0.36
12738,0.275
12742,0.355
12746,0.51
12753,0.605
12758,0.32
12760,0.36
12763,0.435
12764,0.425
12768,0.465
12776,0.22
12777,0.52
12783,1.0
12804,0.28
12824,0.275
12839,0.285
12847,0.42
12850,0.905
12867,0.95
12883,0.125
12887,0.305
12890,0.22
12903,0.57
12906,0.44
12907,0.145
12909,0.205
12912,0.355
12915,0.315
12930,0.725
12931,0.615
12934,0.63
12951,0.295
12955,0.29
12973,0.185
12988,0.535
12999,0.365
13015,0.67
13026,0.58
13036,0.42
13039,0.485
13040,0.28
13041,0.525
13043,0.73
13057,0.365
13064,0.31
13068,0.86
13069,0.74
13073,0.54
13079,0.78
13086,0.36
13089,0.74
13093,0.445
13097,0.935
13098,0.25
13105,0.39
13107,0.53
13108,0.815
13110,0.485
13112,0.81
13114,0.4
13118,0.42
13127,0.24
13129,0.34
13142,1.0
13146,0.225
13149,0.21
28042,0.785
28043,0.445
28055,0.65
28061,0.385
28063,0.42
28077,0.51
28090,0.745
28093,0.355
28095,0.39
28096,0.79
28098,0.865
28099,0.205
28111,0.265
28115,0.37
28123,0.37
28125,0.37
28126,0.745
28129,0.74
28131,0.575
28139,0.29
28146,0.32
28153,0.715
28155,0.315
28160,0.805
28166,0.405
28167,0.88
28176,0.895
28185,0.36
28187,0.875
28195,0.93
28203,0.385
28206,0.42
28209,0.24
28210,0.175
28211,0.355
28216,0.315
28234,0.485
28235,0.88
28248,0.37
28255,0.405
28266,0.36
28277,0.255
28286,0.48
28288,0.47
28289,0.33
28290,0.305
28296,0.37
28300,0.69
28306,0.12
28307,0.43
28309,0.43
28327,0.405
28336,0.435
28345,0.46
28355,0.41
28361,0.345
28362,0.505
28374,0.3
28380,0.77
28381,0.23
28393,0.2
28394,0.325
28405,0.49
28413,0.23
28426,0.745
28428,0.81
28429,0.83
28442,0.33
28445,0.275
28457,1.0
28459,0.845
28462,0.49
28478,0.15
28490,0.325
28492,0.35
28499,0.355
28500,0.205
13157,0.46
13158,0.755
13159,0.66
13161,0.2
13162,0.4
13166,0.31
13168,0.37
13170,0.98
13186,0.465
13191,0.45
13203,0.365
13209,0.255
13212,0.41
13213,0.36
13222,0.25
13229,0.625
13234,0.61
13257,0.77
13258,0.43
13268,0.24
13270,0.41
13291,0.3
13292,0.71
13299,0.37
13307,1.0
13309,0.31
13311,0.35
13312,0.44
13322,0.465
13324,0.955
13330,0.345
13338,0.23
13344,0.855
13348,0.185
13355,0.525
13365,0.975
13368,0.4
13370,0.435
13372,0.755
13377,0.805
13385,0.335
13389,0.455
13393,0.175
13395,0.52
13404,0.205
13411,0.45
13416,0.35
13434,0.38
13435,0.745
13445,0.3
13446,0.395
13451,0.56
13462,0.67
13464,0.465
13466,0.335
13471,0.47
13472,0.945
13477,0.28
13481,0.26
13484,0.775
13490,0.425
13492,0.785
13500,0.185
13508,0.37
13516,0.445
13525,0.275
13526,0.175
13530,0.675
13532,0.36
13538,0.47
13546,0.385
13548,0.605
13550,0.935
13551,0.505
13564,0.465
13566,0.785
13570,0.49
13580,0.485
13585,0.11
13588,0.14
13592,0.19
13594,0.3
13609,0.37
13610,0.74
13613,0.3
13625,0.455
13626,0.615
13639,0.49
13645,0.66
13647,0.655
13648,0.275
13652,0.36
13654,0.745
13664,0.41
13673,0.41
13684,0.365
13690,0.39
13693,0.29
13696,0.33
13700,0.76
13701,0.445
13707,0.805
13713,0.19
13714,0.315
13716,0.725
13720,0.305
13727,0.495
13733,0.285
13738,0.295
13757,0.495
13759,0.72
13761,0.56
13767,0.305
13782,0.415
13786,0.585
13787,0.425
13792,0.21
13795,0.64
13798,0.37
13807,0.035
13809,0.48
13811,0.395
13815,0.31
13817,0.23
13818,0.255
13822,0.34
13824,0.225
13829,0.295
13832,0.85
13840,0.6
13841,0.59
13868,0.305
13871,1.0
13880,0.425
13888,0.655
13890,0.93
13891,0.355
13895,0.395
13907,0.505
13910,0.795
13912,0.84
13913,0.365
13923,0.86
13929,0.45
13936,0.415
13946,0.395
13950,0.365
13951,0.25
13954,0.555
13958,0.73
13969,0.585
13980,0.27
13981,0.285
13986,0.405
13987,0.38
13989,0.645
13992,0.425
13994,0.23
14001,0.82
14002,0.305
14004,0.4
14006,0.275
14012,0.73
14021,0.445
14024,0.915
14045,0.32
14047,0.83
14057,0.365
14059,0.385
14060,0.295
14068,0.325
14070,0.56
14074,0.3
14076,0.6
14089,0.375
14115,0.47
14116,0.415
14128,0.515
14131,0.38
14134,0.805
14137,0.655
14138,0.425
14139,0.58
14152,0.55
14153,0.23
14155,0.435
14156,0.94
14164,0.355
14165,0.35
14171,0.455
14174,0.26
14181,0.36
14186,0.7
14192,0.53
14201,0.765
14210,0.75
14214,0.32
14231,0.45
14236,0.7
14241,0.35
14245,0.42
14249,0.28
14251,0.24
14262,0.375
14265,0.175
14267,0.69
14270,0.7
14276,0.685
14279,0.785
14281,0.24
14289,0.325
14290,0.345
14293,0.735
14295,0.74
14297,0.33
14298,0.165
14310,0.18
14312,0.86
14315,0.88
14318,0.655
14319,0.625
14325,0.65
14331,0.485
14334,0.225
14341,0.505
14343,0.835
14344,0.375
14346,0.37
14347,0.335
14349,0.31
14352,0.245
14358,0.32
14361,0.49
14363,0.66
14374,0.465
14376,0.375
14381,0.49
14398,0.4
14410,0.325
14412,0.58
14415,0.675
14423,0.545
14425,0.535
14436,0.21
14444,0.35
14455,0.495
14465,0.44
14469,0.335
14471,0.345
14475,0.59
14479,0.335
14480,0.445
14488,0.625
14491,0.67
14501,0.365
14520,0.865
14522,0.645
14523,0.285
14537,0.725
14538,0.82
14550,0.365
14561,0.405
14575,0.24
14586,0.25
14592,0.51
14601,0.735
14602,0.34
14604,0.435
14606,0.275
14627,0.35
14641,0.575
14652,0.37
14662,0.835
14665,0.595
14673,0.475
14675,0.255
14679,0.745
14683,0.35
14686,0.35
14705,0.44
14708,0.385
14709,0.715
14710,0.255
14715,0.555
14717,0.3
14723,0.34
14725,0.31
14727,0.68
14728,0.225
14735,0.365
14746,0.515
14752,0.425
14757,0.28
14762,0.275
14763,0.3
14797,0.4
14812,0.305
14818,0.655
14825,0.42
14827,0.395
14829,0.415
14830,0.285
14837,0.47
14849,0.255
14863,0.365
28506,0.805
28509,0.29
28513,0.285
28516,0.19
28519,0.98
28526,0.415
28527,0.23
28528,0.685
28533,0.42
28547,0.55
28551,0.525
28563,0.445
28566,0.385
28568,0.485
28580,0.41
28589,0.455
28590,0.4
28606,0.54
28613,0.445
28615,0.17
28619,0.355
28629,0.42
28633,0.465
28635,0.59
28646,0.365
28648,0.69
28651,0.425
28660,0.535
28681,0.155
28693,0.755
28696,0.365
28703,0.415
28709,0.39
28712,0.66
28718,0.4
28719,0.555
28727,0.185
28730,0.82
28732,0.835
28740,0.4
28747,0.255
28752,0.55
28757,0.45
28764,0.36
28765,0.475
28770,0.685
28772,0.775
28783,0.47
28786,0.225
28796,0.375
28799,0.73
28806,0.755
28807,0.365
28815,0.36
28818,0.27
28823,0.375
28824,0.325
28831,0.95
28834,0.32
28841,0.305
28848,0.5
28882,0.575
28884,0.525
28904,0.31
28907,0.29
28919,0.235
28920,0.635
28928,0.205
28935,0.03
28936,0.215
28945,0.435
28950,0.775
28957,0.41
28963,0.345
28974,0.295
28980,0.35
28988,0.725
28999,0.315
29001,0.695
29004,0.085
29006,0.245
29012,0.36
29018,0.295
29027,0.315
29030,0.11
29032,0.185
14869,0.47
14882,0.38
14884,0.705
14886,0.705
14888,0.88
14890,0.29
14904,0.275
14938,0.455
14952,0.22
14958,0.685
14963,0.305
14979,0.335
14980,0.29
14986,0.47
14988,0.285
15003,0.335
15006,0.51
15009,1.0
15015,0.7
15024,0.36
15030,0.64
15036,0.215
15038,0.58
15039,0.335
15047,0.89
15049,0.27
15056,1.0
15068,0.345
15070,0.395
15073,0.28
15081,0.415
15084,0.245
15088,1.0
15092,0.185
15095,0.325
15097,0.25
15098,0.36
15115,0.785
15120,0.955
15126,0.29
15133,0.645
15143,0.35
15156,0.565
15164,0.225
15178,0.395
15198,0.75
15200,0.785
15208,0.005
15214,0.315
15218,0.76
15231,0.405
15238,0.41
15239,0.42
15240,0.435
15249,0.28
15256,0.375
15260,0.74
15290,0.115
15307,0.825
15308,0.755
15321,0.79
15323,0.61
15325,0.33
15342,0.695
15346,0.445
15349,0.25
15354,0.405
15362,0.41
15379,0.16
15383,0.365
15394,0.44
15401,0.54
15405,0.405
15407,0.345
15412,0.675
15413,0.63
15415,0.705
15427,0.795
15430,0.795
15436,0.66
15439,0.25
15443,0.145
15444,0.62
15445,0.69
15450,0.355
15456,0.87
15465,0.19
15466,0.265
15470,0.44
15474,0.56
15476,0.575
15482,0.205
15492,0.2
15510,0.735
15519,0.44
15523,0.27
15535,0.79
15561,0.995
15564,0.645
15566,0.43
15579,0.305
15580,0.63
15581,0.395
15587,0.415
15589,0.47
15591,0.405
15597,0.495
15620,0.745
15627,0.52
15636,0.88
15653,0.385
15662,0.995
15664,0.33
15666,0.525
15667,0.32
15674,0.655
15692,0.2
15715,0.36
15736,0.815
15744,0.805
15746,0.33
15758,0.32
15760,0.35
15766,0.405
15767,0.405
15789,0.695
15810,0.275
15818,0.35
15820,0.31
15830,0.37
15844,0.565
15850,0.315
15857,0.355
15863,0.995
15869,0.245
15872,0.275
15873,0.38
15884,0.175
15885,0.73
15891,0.84
15898,0.26
15900,0.32
15932,0.285
15940,0.305
15944,0.265
15945,0.375
15963,0.7
15970,0.335
15977,0.34
15982,0.23
15985,0.445
15995,0.435
16004,0.305
16005,0.415
16011,0.31
16019,0.55
16021,0.475
16051,0.91
16065,0.505
16066,0.26
16076,0.58
16091,0.345
16094,0.315
16101,0.26
16104,0.755
16113,0.725
16114,0.53
16115,0.69
16127,0.655
16128,0.385
16138,0.84
16139,0.755
16142,0.325
16144,0.51
16148,0.795
16151,0.32
16156,0.47
16165,0.595
16166,0.17
16179,0.76
16193,0.405
16196,0.455
16198,0.395
16210,0.625
16232,0.395
16237,0.23
16240,0.515
16252,0.585
16259,0.325
16262,0.365
16263,0.3
16270,0.225
16272,0.425
16290,0.355
16295,0.855
16297,0.43
16299,0.295
16300,0.185
16302,0.245
16303,0.495
16305,0.74
16309,0.365
16312,0.295
16320,0.24
16326,0.49
16327,0.545
16338,0.445
16342,0.36
16346,0.54
16348,0.41
16355,0.585
16356,0.525
16378,0.715
16382,0.205
16391,0.305
16392,0.32
16395,0.905
16399,0.24
16403,0.285
16408,0.405
16413,0.29
16415,0.41
16417,0.635
16420,0.255
16431,0.395
29039,0.215
29043,0.465
29056,0.575
29064,0.59
29068,0.325
29069,0.37
29074,0.445
29076,0.26
29085,0.34
29088,0.605
29091,0.465
29092,0.71
29093,0.375
29094,0.34
29108,0.66
29114,0.255
29115,0.18
29118,0.25
29125,0.295
29127,0.79
29150,0.215
29152,0.285
29155,0.76
29165,0.285
29167,0.22
29174,0.35
29180,0.56
29185,0.435
29190,0.405
29192,1.0
29194,0.315
29220,0.485
29231,0.555
29237,0.665
29240,0.46
29247,0.525
29256,0.475
29275,0.48
29278,0.46
29280,0.715
29286,0.43
29288,0.69
29305,0.665
29327,0.465
29329,0.715
29333,0.46
29335,0.56
29342,1.0
29344,0.425
29353,0.265
29358,0.325
29373,0.23
29392,0.245
29393,0.79
29395,1.0
29403,0.66
29405,0.625
29410,0.465
29423,0.34
29427,0.815
29429,0.415
29432,0.305
29440,0.425
29447,0.35
29448,0.33
29452,0.63
29455,0.43
29461,0.205
29466,0.35
29474,0.39
29476,0.285
29486,0.505
29494,0.37
29497,0.51
29505,0.235
29511,0.585
29516,0.64
29522,0.59
29523,0.185
29524,0.3
29529,0.245
29533,0.31
29535,0.29
16439,0.59
16444,0.675
16446,0.0
16451,0.575
16454,0.31
16461,0.37
16462,0.325
16469,0.33
16484,0.415
16486,0.765
16487,0.34
16491,0.475
16494,0.605
16507,0.515
16508,0.21
16519,0.4
16523,0.265
16526,0.86
16530,0.465
16532,0.685
16542,0.44
16550,0.775
16555,0.495
16558,0.325
16567,0.73
16576,0.42
16579,0.325
16595,0.53
16598,0.325
16600,0.35
16604,0.64
16605,0.85
16607,0.735
16610,0.32
16612,0.995
16617,0.77
16625,0.905
16632,0.505
16634,0.37
16650,0.17
16654,0.205
16655,0.245
16656,0.44
16657,0.505
16660,0.435
16662,0.38
16669,0.475
16675,0.82
16676,0.37
16678,0.38
16679,0.525
16693,0.26
16701,0.175
16715,0.355
16722,0.68
16724,0.45
16727,0.56
16735,0.525
16741,0.215
16752,0.325
16758,0.38
16765,0.375
16771,0.305
16785,0.09
16793,0.59
16800,0.31
16805,0.385
16809,0.275
16820,0.675
16827,0.5
16830,0.55
16843,0.965
16847,0.295
16855,0.93
16860,0.81
16862,0.78
16863,0.32
16872,0.275
16874,0.35
16876,0.375
16893,0.38
16895,0.28
16914,0.445
16917,0.4
16926,0.535
16930,0.525
16931,0.21
16932,0.185
16934,0.27
16937,0.315
16941,0.525
16942,0.995
16957,0.36
16962,0.705
16967,0.86
16968,0.885
16972,0.32
16974,0.185
16984,0.4
16987,0.47
16994,0.76
16995,0.655
16999,0.38
17034,0.665
17038,0.37
17040,0.37
17050,0.355
17068,0.43
17077,0.315
17079,0.62
17082,0.67
17085,0.62
17087,0.44
17099,0.79
17105,0.31
17108,0.42
17110,0.335
17111,0.405
17123,0.66
17124,0.285
17130,0.745
17138,0.24
17143,0.85
17157,0.19
17160,0.555
17166,0.535
17167,0.37
17179,0.56
17180,0.495
17189,0.605
17197,0.615
17219,0.62
17223,0.455
17225,0.72
17229,0.705
17234,0.365
17235,0.275
17239,0.435
17242,0.315
17243,0.455
17246,0.625
17247,0.295
17255,0.34
17258,0.625
17260,0.555
17264,0.505
17270,0.575
17271,0.555
17272,0.335
17285,0.41
17294,0.285
17297,0.35
17298,0.645
17299,0.3
17306,0.47
17324,0.22
17326,0.25
17330,0.355
17345,0.48
17351,0.625
17352,0.21
17372,0.18
17381,0.765
17385,0.61
17388,0.29
17390,0.535
17392,0.64
17399,0.255
17404,0.3
17407,0.31
17408,0.605
17416,0.565
17418,0.45
17434,0.695
17438,0.625
17443,0.715
17444,0.405
17453,0.525
17460,0.56
17467,0.36
17480,0.385
17488,0.615
17490,0.47
17493,0.565
17498,0.275
17503,0.39
17513,0.31
17520,0.64
17525,0.495
17534,0.27
17545,0.4
17553,0.455
17554,0.46
17557,0.47
17563,0.725
17576,0.47
17577,0.31
17580,0.765
17582,0.46
17596,0.32
17597,0.37
17602,0.71
17614,0.63
17623,0.59
17624,0.745
17627,0.54
17628,0.42
17630,0.415
17634,0.685
17640,0.345
17652,0.435
17657,0.24
17661,0.17
17662,0.365
17666,0.3
17682,0.685
17688,0.665
17693,0.555
17705,0.37
17711,0.475
17715,0.3
17717,0.305
17721,0.21
17728,0.445
17737,0.26
17745,0.29
17755,0.33
17764,0.665
17774,0.35
17785,0.15
17786,0.675
17789,0.385
17802,0.55
17810,0.685
17819,0.85
17825,0.13
17828,0.34
17833,0.39
17841,0.67
17842,0.41
17844,0.3
17849,0.405
17855,0.515
17857,0.785
17861,0.4
17863,0.425
17868,0.365
17876,0.605
17882,0.16
17885,0.345
17893,0.41
17894,0.2
17902,0.775
17906,0.245
17911,0.645
17917,0.46
17921,0.16
17941,0.16
17945,0.26
17949,0.335
17954,0.465
17957,0.375
17958,0.835
17960,0.32
17985,0.65
18000,0.54
18002,0.625
18008,0.26
18014,0.485
18015,0.99
18019,0.135
18021,0.295
18026,0.14
18029,0.265
18034,0.62
18035,0.255
18036,0.4
18039,0.855
18066,0.23
29548,0.285
29551,0.27
29563,0.145
29574,0.44
29575,0.385
29592,0.265
29599,0.58
29608,0.345
29613,0.535
29620,0.41
29630,0.93
29637,0.325
29638,0.48
29643,0.47
29648,0.295
29657,0.43
29659,0.33
29662,0.635
29665,0.55
29699,0.625
29706,0.65
29715,0.63
29716,0.3
29717,0.345
29721,0.605
18076,0.32
18089,0.21
18104,0.305
18110,0.315
18129,0.75
18131,0.675
18133,0.385
18136,0.295
18148,0.38
18152,0.065
18167,0.695
18177,0.295
18178,0.395
18183,0.355
18194,0.55
18197,0.53
18213,0.26
18214,0.285
18221,0.26
18227,0.15
18239,0.725
18245,0.405
18266,0.185
18267,0.745
18274,0.165
18283,0.355
18297,0.15
18302,0.305
18303,0.665
18315,0.3
18324,0.285
18326,0.6
18334,0.21
18336,0.27
18344,0.485
18346,0.45
18347,0.48
18350,0.325
18352,0.41
18364,0.48
18366,0.385
18373,0.275
18391,0.375
18393,0.165
18395,0.55
18400,0.645
18408,0.37
18421,0.51
18425,0.58
18443,0.42
18451,0.35
18456,0.235
18458,0.7
18460,0.33
18467,0.665
18468,0.36
18475,0.695
18485,0.205
18494,0.75
18495,0.945
18508,0.58
18530,0.4
18533,0.35
18547,0.16
18548,0.345
18553,0.36
18561,0.23
18565,0.825
18572,0.335
18593,0.35
18600,0.35
18621,0.39
18629,0.615
18637,0.315
18649,0.27
18653,0.775
18660,0.105
18671,0.17
18672,0.265
18677,0.37
18681,1.0
18684,0.24
18686,0.38
18689,0.29
18690,0.48
18709,0.61
18716,0.77
18723,0.63
18773,0.4
18782,0.39
18797,0.72
18810,0.36
18817,0.545
18820,0.755
18825,0.375
18837,0.585
18850,0.75
18857,0.42
18861,0.66
18867,0.325
18870,0.165
18877,0.555
18887,0.38
18898,0.285
18900,0.535
18914,0.525
18921,0.515
18922,0.565
18945,0.35
18947,0.555
18953,0.38
18954,0.285
18957,0.515
18960,0.71
18973,0.265
18983,0.57
18990,0.165
18991,0.155
18993,0.295
18995,0.205
18996,0.195
19003,0.205
19014,0.475
19015,0.325
19019,0.52
19028,0.31
19038,0.41
19040,0.33
19046,0.325
19051,0.455
19054,0.995
19056,0.275
19074,0.415
19085,0.74
19099,0.995
19124,0.24
19134,0.385
19141,0.135
19146,0.56
19150,0.255
19170,0.2
19176,0.285
19187,0.4
19189,0.41
19202,0.495
19208,0.3
19209,0.29
19210,0.89
19216,0.35
19217,0.28
19218,0.785
19223,0.37
19240,0.225
19246,0.46
19269,0.37
19275,0.59
19287,0.395
19298,0.375
19303,0.315
19313,0.395
19325,0.38
19326,0.37
19328,0.565
19330,0.44
19340,0.635
19342,0.4
19343,0.38
19344,0.575
19363,0.275
19364,0.42
19371,0.35
19376,0.325
19377,0.36
19381,0.26
19384,0.465
19390,0.655
19402,0.105
19405,0.21
19409,0.305
29731,0.5
29735,0.215
29739,0.565
29742,0.665
29747,0.98
29749,0.54
29754,0.965
29773,0.305
29777,0.495
29779,0.21
29783,0.335
29786,0.325
29805,0.615
29811,0.37
29812,0.425
29815,0.345
29819,0.25
29833,0.175
29847,0.435
29854,0.555
29856,0.39
29859,0.43
29864,0.355
29865,0.355
29867,0.24
29885,0.52
29894,0.46
29900,0.45
29910,0.715
29928,0.345
29942,0.475
29951,0.36
29953,0.455
29962,0.34
29968,0.165
29974,0.705
29980,0.55
29987,0.215
29993,0.47
30001,0.725
30005,0.56
30015,0.485
19418,0.535
19429,0.69
19446,0.4
19458,0.59
19460,0.69
19462,0.77
19465,0.27
19472,0.28
19480,0.37
19503,0.69
19507,0.49
19517,0.45
19533,0.365
19537,0.245
19541,0.33
19563,0.24
19566,0.53
19568,0.725
19576,0.425
19591,0.385
19597,0.77
19619,0.565
19622,0.87
19623,0.415
19624,0.34
19627,0.38
19629,0.315
19633,0.32
19639,0.38
19641,0.325
19643,0.26
19649,0.26
19652,0.705
19657,0.325
19660,0.69
19668,1.0
19678,0.3
19686,0.59
19690,0.34
19694,0.41
19695,0.305
19702,0.66
19712,0.555
19720,0.655
19735,0.77
19739,0.29
19740,0.765
19743,0.355
19750,0.535
19752,0.815
19754,0.4
19762,0.6
19770,0.44
19775,0.46
19777,0.33
19782,0.28
19783,0.885
19786,0.315
19805,0.325
19808,0.295
19819,0.62
19821,0.37
19827,0.46
19830,0.48
19832,0.455
19833,0.3
19834,0.345
19843,0.365
19844,0.285
19846,0.405
19847,0.41
19850,0.74
19851,0.37
19861,0.65
19873,0.49
19878,0.25
19886,0.23
19892,0.81
19901,0.12
19902,0.5
19920,0.825
19921,0.28
19922,0.16
19929,0.94
19932,0.785
19935,0.265
19936,0.585
19946,0.845
19950,0.535
19952,0.57
19955,0.395
19976,0.145
19983,0.73
19987,0.235
19991,0.945
19996,0.62
20007,0.72
20015,0.285
20019,0.245
20023,0.33
20034,0.36
20036,0.3
20038,0.29
20039,0.415
20040,0.585
20045,0.79
20046,0.655
20048,0.21
20060,0.66
20068,0.235
20074,0.86
20111,0.34
20117,0.305
20125,0.435
20129,0.525
20134,0.485
20135,0.275
20139,0.235
20142,0.575
20147,0.71
20154,0.69
20157,0.36
20169,0.145
20179,0.19
20202,0.225
20207,0.525
20215,0.405
20216,0.805
20217,0.54
20218,0.53
20219,0.55
20226,0.235
20236,0.24
20239,0.355
20246,0.375
20247,0.255
20253,0.57
20255,0.405
20268,0.38
20270,0.795
20271,0.39
20279,0.445
20282,0.65
20295,0.18
20302,0.62
20305,0.73
20306,0.8
20308,0.3
20330,0.67
20335,0.605
20344,0.215
20349,0.61
20360,0.255
20362,0.58
20378,0.535
20394,0.335
20397,0.67
20403,0.31
20405,0.64
20415,0.235
20417,0.275
20420,0.3
20425,0.4
20430,0.73
20435,0.555
20443,0.54
20446,0.265
20458,0.295
20459,0.55
20467,0.235
20470,0.785
20482,0.605
20489,0.545
20495,0.265
20496,0.28
20497,0.66
20505,0.45
20509,0.805
20535,0.28
20539,0.635
20544,0.615
20547,0.275
20556,0.26
20557,0.565
20575,0.375
20577,0.32
20596,0.31
20597,0.575
20602,0.34
20603,0.39
20609,0.715
20618,0.325
20621,0.48
20628,0.225
20634,0.49
20637,0.43
20641,0.35
20642,0.41
20647,0.415
20655,0.755
20656,0.36
20661,0.26
20664,0.69
20674,0.895
20679,0.63
20680,0.335
20683,0.985
20687,0.23
20688,0.59
20695,0.305
20696,0.255
20699,0.215
20701,0.255
20702,0.185
20704,0.44
20721,0.31
20725,0.325
20731,0.285
20741,0.305
20742,0.37
20753,0.42
20756,0.405
20769,0.48
20771,0.405
20774,0.12
20777,0.315
20781,0.315
20797,0.625
20808,0.345
20810,0.505
20820,0.47
20823,0.955
20829,0.74
20832,0.32
20833,0.485
20837,0.225
20838,0.19
20839,0.14
20847,0.22
20861,0.235
20869,0.985
20875,0.26
20877,0.535
20889,0.33
20894,0.55
20901,0.565
20919,0.315
20923,0.29
20935,0.73
20937,0.2
20939,0.52
20940,0.245
20943,0.245
20946,0.765
20950,0.56
20961,0.92
20965,0.305
20967,0.65
20969,0.39
20970,0.42
20975,0.615
20987,0.495
20995,0.745
20998,0.64
21002,0.24
21012,0.995
21013,0.745
21015,0.285
21017,0.285
21020,0.195
21028,0.125
21031,0.275
21036,0.19
21040,0.25
21048,0.535
21049,0.21
21051,0.66
21070,0.285
21072,0.57
21079,0.45
21090,0.47
21093,0.33
21104,0.215
21114,0.29
21117,0.21
21120,0.285
21121,0.415
21132,0.145
21136,0.465
21139,0.59
21140,0.365
21146,0.63
21150,0.39
21178,0.615
21180,0.775
21198,0.46
21203,0.47
21210,0.32
21218,0.38
21220,0.42
21222,0.285
21228,0.575
21236,0.4
21239,0.325
21260,0.395
21267,0.145
21271,0.32
21279,0.23
21286,0.445
21288,0.445
21294,0.455
21298,0.22
21299,0.305
21300,0.685
21304,0.51
21307,0.365
21309,0.35
21311,0.205
21331,0.285
21332,0.935
21342,0.385
21345,0.695
21348,0.67
21353,0.525
21357,0.24
21369,0.415
21370,0.505
21371,0.37
21373,0.26
21385,0.5
21392,0.36
21401,0.7
21403,0.11
21406,0.595
21413,0.64
21414,0.64
21416,0.515
21423,0.74
21442,0.565
21443,0.335
21448,0.345
21459,0.53
21467,0.21
21474,0.435
21484,0.365
21488,0.81
21495,0.335
21498,0.24
21502,0.295
21503,0.535
21510,0.5
21516,0.745
21533,0.705
21535,0.405
21539,0.26
21541,0.265
21544,0.325
21554,0.78
21569,0.255
21572,0.335
21578,0.275
21580,0.29
21584,0.325
21589,0.485
21595,0.255
21598,0.34
21599,0.43
21606,0.17
21623,0.295
21639,0.475
21641,0.27
21645,0.11
21647,0.485
21648,0.07
21657,0.21
21671,0.295
21673,0.305
21678,0.17
21696,0.56
21699,0.415
21700,0.28
21703,0.355
21710,0.38
21721,0.245
21727,0.265
21728,0.63
21731,0.43
21741,0.245
21744,0.725
21748,0.13
21753,0.225
21756,0.265
21763,0.57
21767,0.4
21772,0.755
21774,0.4
21775,0.66
21780,0.55
21787,0.465
21805,0.45
21828,0.285
21831,0.27
21837,0.235
21842,0.51
21849,0.26
21856,0.4
21858,0.375
21862,0.175
21864,0.19
21867,0.315
21879,0.305
21881,0.325
21883,0.185
21891,0.415
21892,0.215
21902,0.26
21909,0.125
21914,0.32
21918,0.12
21919,0.18
21926,0.275
21930,0.485
21934,0.435
21940,0.22
21945,0.175
21948,0.805
21953,0.16
21954,0.335
21956,0.435
21963,0.525
21970,0.285
21984,0.345
21997,0.23
21999,0.23
22001,0.235
22002,0.245
22010,0.71
22013,0.08
22022,0.29
22024,0.3
22028,0.255
22029,0.81
22045,0.225
22049,0.325
22064,0.49
22069,0.485
22074,0.52
22082,0.345
22084,0.245
22090,0.445
22096,0.705
22100,0.3
22105,0.3
22119,0.5
22130,0.335
22152,0.705
22155,0.255
22164,0.325
22173,0.315
22194,0.43
22209,0.115
22217,0.175
22220,0.205
22222,0.76
22244,0.395
22245,0.285
22250,0.39
22256,0.79
22261,0.73
22264,0.265
22270,0.555
22279,0.66
22280,0.225
22284,0.265
22288,0.35
22293,0.17
22297,1.0
22307,0.265
22310,0.165
22319,0.645
22324,0.135
22326,0.14
22327,0.24
22329,0.205
22331,0.705
22340,0.55
22342,0.545
22347,0.48
22351,0.265
22357,0.205
22361,0.365
22371,0.325
22373,0.26
22391,0.54
22404,0.76
22409,0.61
22411,0.39
22428,0.6
22436,0.66
22444,0.535
22445,0.315
22451,0.235
22463,0.32
22464,0.21
22467,0.595
22472,0.265
22485,0.665
22497,0.16
22504,0.525
22508,0.28
22516,0.19
22522,0.305
22527,0.41
22543,0.84
22549,0.32
22551,0.57
22557,0.47
22562,0.115
22567,0.275
22572,0.305
22575,0.205
22578,0.59
22579,0.325
22580,0.28
22581,0.28
22591,0.705
22593,0.185
22597,0.205
22600,0.355
22602,0.445
22603,0.36
22616,0.65
22617,0.215
22622,0.54
22623,0.39
22624,0.68
22628,0.37
22640,0.285
22641,0.515
22653,0.525
22660,0.22
22672,0.66
22674,0.36
22689,0.315
22698,0.345
22705,0.54
22709,0.835
22711,0.31
22714,0.6
22715,0.3
22729,0.335
22730,0.25
22733,0.19
22750,0.275
22754,0.53
22756,0.58
22758,0.6
22767,0.59
22768,0.425
22769,0.475
22776,0.195
22778,0.335
22780,0.535
22789,0.35
22797,0.39
22799,0.47
22814,0.275
22818,0.265
22821,0.425
22823,0.265
22841,0.12
22847,0.755
22848,0.545
22862,0.11
22875,0.955
22877,0.875
22887,0.295
22892,0.305
22899,0.685
22901,0.675
